Title,Category,Best Paper
2kenize: Tying Subword Sequences for Chinese Script Conversion,Data Mining,FALSE
A Batch Normalized Inference Network Keeps the KL Vanishing Away,Data Mining,FALSE
A Call for More Rigor in Unsupervised Cross-lingual Learning,Data Mining,FALSE
A Comprehensive Analysis of Preprocessing for Word Representation Learning in Affective Tasks,Data Mining,FALSE
A Contextual Hierarchical Attention Network with Adaptive Objective for Dialogue State Tracking,Data Mining,FALSE
A Corpus for Large-Scale Phonetic Typology,Data Mining,FALSE
A Formal Hierarchy of RNN Architectures,Data Mining,FALSE
A Generate-and-Rank Framework with Semantic Type Regularization for Biomedical Concept Normalization,Data Mining,FALSE
A Generative Model for Joint Natural Language Understanding and Generation,Data Mining,FALSE
A Girl Has A Name: Detecting Authorship Obfuscation,Data Mining,FALSE
A Graph Auto-encoder Model of Derivational Morphology,Data Mining,FALSE
A Graph-based Coarse-to-fine Method for Unsupervised Bilingual Lexicon Induction,Data Mining,FALSE
A Joint Model for Document Segmentation and Segment Labeling,Data Mining,FALSE
A Joint Neural Model for Information Extraction with Global Features,Data Mining,FALSE
A Methodology for Creating Question Answering Corpora Using Inverse Data Annotation,Data Mining,FALSE
A Mixture of h ? 1 Heads is Better than h Heads,Data Mining,FALSE
A Monolingual Approach to Contextualized Word Embeddings for Mid-Resource Languages,Data Mining,FALSE
A Multitask Learning Approach for Diacritic Restoration,Data Mining,FALSE
A Novel Cascade Binary Tagging Framework for Relational Triple Extraction,Data Mining,FALSE
A Novel Graph-based Multi-modal Fusion Encoder for Neural Machine Translation,Data Mining,FALSE
A Prioritization Model for Suicidality Risk Assessment,Data Mining,FALSE
A Recipe for Creating Multimodal Aligned Datasets for Sequential Tasks,Data Mining,FALSE
A Reinforced Generation of Adversarial Examples for Neural Machine Translation,Data Mining,FALSE
A Self-Training Method for Machine Reading Comprehension with Soft Evidence Extraction,Data Mining,FALSE
A Span-based Linearization for Constituent Trees,Data Mining,FALSE
A Study of Non-autoregressive Model for Sequence Generation,Data Mining,FALSE
A Systematic Assessment of Syntactic Generalization in Neural Language Models,Data Mining,FALSE
A Tale of Two Perplexities: Sensitivity of Neural Language Models to Lexical Retrieval Deficits in Dementia of the Alzheimer's Type,Data Mining,FALSE
A Top-down Neural Architecture towards Text-level Parsing of Discourse Rhetorical Structure,Data Mining,FALSE
A Unified MRC Framework for Named Entity Recognition,Data Mining,FALSE
Adaptive Compression of Word Embeddings,Data Mining,FALSE
Addressing Posterior Collapse with Mutual Information for Improved Variational Neural Machine Translation,Data Mining,FALSE
AdvAug: Robust Adversarial Augmentation for Neural Machine Translation,Data Mining,FALSE
Adversarial and Domain-Aware BERT for Cross-Domain Sentiment Analysis,Data Mining,FALSE
Adversarial NLI: A New Benchmark for Natural Language Understanding,Data Mining,FALSE
Agreement Prediction of Arguments in Cyber Argumentation for Detecting Stance Polarity and Intensity,Data Mining,FALSE
Aligned Dual Channel Graph Convolutional Network for Visual Question Answering,Data Mining,FALSE
"Amalgamation of protein sequence, structure and textual information for improving protein-protein interaction identification",Data Mining,FALSE
AMR Parsing via Graph-Sequence Iterative Inference,Data Mining,FALSE
AMR Parsing with Latent Structural Information,Data Mining,FALSE
An analysis of the utility of explicit negative examples to improve the syntactic abilities of neural language models,Data Mining,FALSE
An Effective Transition-based Model for Discontinuous NER,Data Mining,FALSE
An Effectiveness Metric for Ordinal Classification: Formal Properties and Experimental Results,Data Mining,FALSE
An Online Semantic-enhanced Dirichlet Model for Short Text Stream Clustering,Data Mining,FALSE
Analysing Lexical Semantic Change with Contextualised Word Representations,Data Mining,FALSE
Analyzing analytical methods: The case of phonology in neural models of spoken language,Data Mining,FALSE
Analyzing Political Parody in Social Media,Data Mining,FALSE
Are Natural Language Inference Models IMPPRESsive? Learning IMPlicature and PRESupposition,Data Mining,FALSE
Asking and Answering Questions to Evaluate the Factual Consistency of Summaries,Data Mining,FALSE
Aspect Sentiment Classification with Document-level Sentiment Preference Modeling,Data Mining,FALSE
ASSET: A Dataset for Tuning and Evaluation of Sentence Simplification Models with Multiple Rewriting Transformations,Data Mining,FALSE
"Attend, Translate and Summarize: An Efficient Method for Neural Cross-Lingual Summarization",Data Mining,FALSE
Attentive Pooling with Learnable Norms for Text Representation,Data Mining,FALSE
Autoencoding Pixies: Amortised Variational Inference with Graph Convolutions for Functional Distributional Semantics,Data Mining,FALSE
Automated Evaluation of Writing ? 50 Years and Counting,Data Mining,FALSE
Automatic Detection of Generated Text is Easiest when Humans are Fooled,Data Mining,FALSE
Automatic Generation of Citation Texts in Scholarly Papers: A Pilot Study,Data Mining,FALSE
Automatic Poetry Generation from Prosaic Text,Data Mining,FALSE
BabyWalk: Going Farther in Vision-and-Language Navigation by Taking Baby Steps,Data Mining,FALSE
Balancing Objectives in Counseling Conversations: Advancing Forwards or Looking Backwards,Data Mining,FALSE
Balancing Training for Multilingual Neural Machine Translation,Data Mining,FALSE
"BART: Denoising Sequence-to-Sequence Pre-training for Natural Language Generation, Translation, and Comprehension",Data Mining,FALSE
Benchmarking Multimodal Regex Synthesis with Complex Structures,Data Mining,FALSE
BERTRAM: Improved Word Embeddings Have Big Impact on Contextualized Model Performance,Data Mining,FALSE
Beyond Accuracy: Behavioral Testing of NLP Models with CheckList,Data Mining,TRUE
Beyond Possession Existence: Duration and Co-Possession,Data Mining,FALSE
Beyond User Self-Reported Likert Scale Ratings: A Comparison Model for Automatic Dialog Evaluation,Data Mining,FALSE
Bilingual Dictionary Based Neural Machine Translation without Using Parallel Sentences,Data Mining,FALSE
Biomedical Entity Representations with Synonym Marginalization,Data Mining,FALSE
Bipartite Flat-Graph Network for Nested Named Entity Recognition,Data Mining,FALSE
BiRRE: Learning Bidirectional Residual Relation Embeddings for Supervised Hypernymy Detection,Data Mining,FALSE
BLEURT: Learning Robust Metrics for Text Generation,Data Mining,FALSE
Boosting Neural Machine Translation with Similar Translations,Data Mining,FALSE
Bootstrapping Techniques for Polysynthetic Morphological Analysis,Data Mining,FALSE
BPE-Dropout: Simple and Effective Subword Regularization,Data Mining,FALSE
Breaking Through the 80% Glass Ceiling: Raising the State of the Art in Word Sense Disambiguation by Incorporating Knowledge Graph Information,Data Mining,FALSE
Bridging Anaphora Resolution as Question Answering,Data Mining,FALSE
Bridging the Structural Gap Between Encoding and Decoding for Data-To-Text Generation,Data Mining,FALSE
Building a User-Generated Content North-African Arabizi Treebank: Tackling Hell,Data Mining,FALSE
Calibrating Structured Output Predictors for Natural Language Processing,Data Mining,FALSE
CamemBERT: a Tasty French Language Model,Data Mining,FALSE
Can We Predict New Facts with Open Knowledge Graph Embeddings? A Benchmark for Open Link Prediction,Data Mining,FALSE
Can You Put it All Together: Evaluating Conversational Agents' Ability to Blend Skills,Data Mining,FALSE
CDL: Curriculum Dual Learning for Emotion-Controllable Response Generation,Data Mining,FALSE
ChartDialogs: Plotting from Natural Language Instructions,Data Mining,FALSE
CH-SIMS: A Chinese Multimodal Sentiment Analysis Dataset with Fine-grained Annotation of Modality,Data Mining,FALSE
"Climbing towards NLU: On Meaning, Form, and Understanding in the Age of Data",Data Mining,TRUE
Clinical Reading Comprehension: A Thorough Analysis of the emrQA Dataset,Data Mining,FALSE
CluBERT: A Cluster-Based Approach for Learning Sense Distributions in Multiple Languages,Data Mining,FALSE
CluHTM - Semantic Hierarchical Topic Modeling based on CluWords,Data Mining,FALSE
Code and Named Entity Recognition in StackOverflow,Data Mining,FALSE
CompGuessWhat?!: A Multi-task Evaluation Framework for Grounded Language Learning,Data Mining,FALSE
Compositionality and Generalization In Emergent Languages,Data Mining,FALSE
Conditional Augmentation for Aspect Term Extraction via Masked Sequence-to-Sequence Generation,Data Mining,FALSE
Connecting Embeddings for Knowledge Graph Entity Typing,Data Mining,FALSE
Contextualized Weak Supervision for Text Classification,Data Mining,FALSE
Continual Relation Learning via Episodic Memory Activation and Reconsolidation,Data Mining,FALSE
Conversational Graph Grounded Policy Learning for Open-Domain Conversation Generation,Data Mining,FALSE
CorefQA: Coreference Resolution as Query-based Span Prediction,Data Mining,FALSE
Coupling Distant Annotation and Adversarial Training for Cross-Domain Chinese Word Segmentation,Data Mining,FALSE
CraftAssist Instruction Parsing: Semantic Parsing for a Voxel-World Assistant,Data Mining,FALSE
Cross-Lingual Semantic Role Labeling with High-Quality Translated Training Corpus,Data Mining,FALSE
Cross-Lingual Unsupervised Sentiment Classification with Multi-View Transfer Learning,Data Mining,FALSE
Cross-Linguistic Syntactic Evaluation of Word Prediction Models,Data Mining,FALSE
Cross-media Structured Common Space for Multimedia Event Extraction,Data Mining,FALSE
Cross-modal Coherence Modeling for Caption Generation,Data Mining,FALSE
Cross-modal Language Generation using Pivot Stabilization for Web-scale Language Coverage,Data Mining,FALSE
Cross-Modality Relevance for Reasoning on Language and Vision,Data Mining,FALSE
Curriculum Learning for Natural Language Understanding,Data Mining,FALSE
Curriculum Pre-training for End-to-End Speech Translation,Data Mining,FALSE
Data Manipulation: Towards Effective Instance Learning for Neural Dialogue Generation via Learning to Augment and Reweight,Data Mining,FALSE
DeFormer: Decomposing Pre-trained Transformers for Faster Question Answering,Data Mining,FALSE
Demographics Should Not Be the Reason of Toxicity: Mitigating Discrimination in Text Classifications with Instance Weighting,Data Mining,FALSE
Dense-Caption Matching and Frame-Selection Gating for Temporal Localization in VideoQA,Data Mining,FALSE
Dependency Graph Enhanced Dual-transformer Structure for Aspect-based Sentiment Classification,Data Mining,FALSE
DeSePtion: Dual Sequence Prediction and Adversarial Examples for Improved Fact-Checking,Data Mining,FALSE
Detecting Perceived Emotions in Hurricane Disasters,Data Mining,FALSE
Dialogue Coherence Assessment Without Explicit Dialogue Act Labels,Data Mining,FALSE
Dialogue-Based Relation Extraction,Data Mining,FALSE
Dice Loss for Data-imbalanced NLP Tasks,Data Mining,FALSE
Differentiable Window for Dynamic Local Attention,Data Mining,FALSE
Discourse as a Function of Event: Profiling Discourse Structure in News Articles around the Main Event,Data Mining,FALSE
Discourse-Aware Neural Extractive Text Summarization,Data Mining,FALSE
Discrete Latent Variable Representations for Low-Resource Text Classification,Data Mining,FALSE
Discrete Optimization for Unsupervised Sentence Summarization with Word-Level Extraction,Data Mining,FALSE
Distilling Annotations via Active Imitation Learning,Data Mining,FALSE
Distilling Knowledge Learned in BERT for Text Generation,Data Mining,FALSE
Distinguish Confusing Law Articles for Legal Judgment Prediction,Data Mining,FALSE
Diverse and Informative Dialogue Generation with Context-Specific Commonsense Knowledge Awareness,Data Mining,FALSE
Diversifying Dialogue Generation with Non-Conversational Text,Data Mining,FALSE
Do Neural Language Models Show Preferences for Syntactic Formalisms?,Data Mining,FALSE
Do Neural Models Learn Systematicity of Monotonicity Inference in Natural Language?,Data Mining,FALSE
Document Modeling with Graph Attention Networks for Multi-grained Machine Reading Comprehension,Data Mining,FALSE
Document Translation vs. Query Translation for Cross-Lingual Information Retrieval in the Medical Domain,Data Mining,FALSE
Document-Level Event Role Filler Extraction using Multi-Granularity Contextualized Encoding,Data Mining,FALSE
Don't Say That! Making Inconsistent Dialogue Unlikely with Unlikelihood Training,Data Mining,FALSE
Don't Stop Pretraining: Adapt Language Models to Domains and Tasks,Data Mining,TRUE
DoQA - Accessing Domain-Specific FAQs via Conversational QA,Data Mining,FALSE
Double-Hard Debias: Tailoring Word Embeddings for Gender Bias Mitigation,Data Mining,FALSE
DRTS Parsing with Structure-Aware Encoding and Decoding,Data Mining,FALSE
DTCA: Decision Tree-based Co-Attention Networks for Explainable Claim Verification,Data Mining,FALSE
Dynamic Fusion Network for Multi-Domain End-to-end Task-Oriented Dialog,Data Mining,FALSE
Dynamic Online Conversation Recommendation,Data Mining,FALSE
Dynamic Programming Encoding for Subword Segmentation in Neural Machine Translation,Data Mining,FALSE
"ECPE-2D: Emotion-Cause Pair Extraction based on Joint Two-Dimensional Representation, Interaction and Prediction",Data Mining,FALSE
Effective Estimation of Deep Generative Language Models,Data Mining,FALSE
Effective Inter-Clause Modeling for End-to-End Emotion-Cause Pair Extraction,Data Mining,FALSE
Efficient Constituency Parsing by Pointing,Data Mining,FALSE
Efficient Dialogue State Tracking by Selectively Overwriting Memory,Data Mining,FALSE
Efficient Pairwise Annotation of Argument Quality,Data Mining,FALSE
Efficient Second-Order TreeCRF for Neural Dependency Parsing,Data Mining,FALSE
Emergence of Syntax Needs Minimal Supervision,Data Mining,FALSE
Emerging Cross-lingual Structure in Pretrained Language Models,Data Mining,FALSE
Empower Entity Set Expansion via Language Model Probing,Data Mining,FALSE
Empowering Active Learning to Jointly Optimize System and User Demands,Data Mining,FALSE
End-to-End Bias Mitigation by Modelling Biases in Corpora,Data Mining,FALSE
End-to-End Neural Pipeline for Goal-Oriented Dialogue Systems using GPT-2,Data Mining,FALSE
End-to-End Neural Word Alignment Outperforms GIZA++,Data Mining,FALSE
Enhancing Answer Boundary Detection for Multilingual Machine Reading Comprehension,Data Mining,FALSE
Enhancing Cross-target Stance Detection with Transferable Semantic-Emotion Knowledge,Data Mining,FALSE
ERASER: A Benchmark to Evaluate Rationalized NLP Models,Data Mining,FALSE
ESPRIT: Explaining Solutions to Physical Reasoning Tasks,Data Mining,FALSE
Estimating predictive uncertainty for rumour verification models,Data Mining,FALSE
Estimating the influence of auxiliary tasks for multi-task learning of sequence tagging tasks,Data Mining,FALSE
Evaluating and Enhancing the Robustness of Neural Network-based Dependency Parsing Models with Adversarial Examples,Data Mining,FALSE
Evaluating Explainable AI: Which Algorithmic Explanations Help Users Predict Model Behavior?,Data Mining,FALSE
Evaluating Explanation Methods for Neural Machine Translation,Data Mining,FALSE
Evidence-Aware Inferential Text Generation with Vector Quantised Variational AutoEncoder,Data Mining,FALSE
"Exact yet Efficient Graph Parsing, Bi-directional Locality and the Constructivist Hypothesis",Data Mining,FALSE
Examining Citations of Natural Language Processing Literature,Data Mining,FALSE
Examining the State-of-the-Art in News Timeline Summarization,Data Mining,FALSE
Exclusive Hierarchical Decoding for Deep Keyphrase Generation,Data Mining,FALSE
Expertise Style Transfer: A New Task Towards Better Communication between Experts and Laymen,Data Mining,FALSE
Explaining Black Box Predictions and Unveiling Data Artifacts through Influence Functions,Data Mining,FALSE
Explicit Memory Tracker with Coarse-to-Fine Reasoning for Conversational Machine Reading,Data Mining,FALSE
Explicit Semantic Decomposition for Definition Generation,Data Mining,FALSE
Exploiting Syntactic Structure for Better Language Modeling: A Syntactic Distance Approach,Data Mining,FALSE
Exploiting the Syntax-Model Consistency for Neural Relation Extraction,Data Mining,FALSE
Exploring Contextual Word-level Style Relevance for Unsupervised Style Transfer,Data Mining,FALSE
Exploring Unexplored Generalization Challenges for Cross-Database Semantic Parsing,Data Mining,FALSE
"Extracting Headless MWEs from Dependency Parse Trees: Parsing, Tagging, and Joint Modeling Approaches",Data Mining,FALSE
Extractive Summarization as Text Matching,Data Mining,FALSE
Facet-Aware Evaluation for Extractive Summarization,Data Mining,FALSE
Fact-based Text Editing,Data Mining,FALSE
Fast and Accurate Deep Bidirectional Language Representations for Unsupervised Learning,Data Mining,FALSE
Fast and Accurate Non-Projective Dependency Tree Linearization,Data Mining,FALSE
FastBERT: a Self-distilling BERT with Adaptive Inference Time,Data Mining,FALSE
Feature Projection for Improved Text Classification,Data Mining,FALSE
FEQA: A Question Answering Evaluation Framework for Faithfulness Assessment in Abstractive Summarization,Data Mining,FALSE
Few-shot Slot Tagging with Collapsed Dependency Transfer and Label-enhanced Task-adaptive Projection Network,Data Mining,FALSE
Finding Universal Grammatical Relations in Multilingual BERT,Data Mining,FALSE
Fine-Grained Analysis of Cross-Linguistic Syntactic Divergences,Data Mining,FALSE
Fine-grained Fact Verification with Kernel Graph Attention Network,Data Mining,FALSE
Fine-grained Interest Matching for Neural News Recommendation,Data Mining,FALSE
Fluent Response Generation for Conversational Question Answering,Data Mining,FALSE
From Arguments to Key Points: Towards Automatic Argument Summarization,Data Mining,FALSE
From English to Code-Switching: Transfer Learning with Strong Morphological Clues,Data Mining,FALSE
From SPMRL to NMRL: What Did We Learn (and Unlearn) in a Decade of Parsing Morphologically-Rich Languages (MRLs)?,Data Mining,FALSE
From Zero to Hero: Human-In-The-Loop Entity Linking in Low Resource Domains,Data Mining,FALSE
Frugal Paradigm Completion,Data Mining,FALSE
Gated Convolutional Bidirectional Attention-based Model for Off-topic Spoken Response Detection,Data Mining,FALSE
GCAN: Graph-aware Co-Attention Networks for Explainable Fake News Detection on Social Media,Data Mining,FALSE
Gender Bias in Multilingual Embeddings and Cross-Lingual Transfer,Data Mining,FALSE
Gender Gap in Natural Language Processing Research: Disparities in Authorship and Citations,Data Mining,FALSE
Gender in Danger? Evaluating Speech Translation Technology on the MuST-SHE Corpus,Data Mining,FALSE
Generalized Entropy Regularization or: There's Nothing Special about Label Smoothing,Data Mining,FALSE
Generalizing Natural Language Analysis through Span-relation Representations,Data Mining,FALSE
"Generate, Delete and Rewrite: A Three-Stage Framework for Improving Persona Consistency of Dialogue Generation",Data Mining,FALSE
Generating Counter Narratives against Online Hate Speech: Data and Strategies,Data Mining,FALSE
Generating Diverse and Consistent QA pairs from Contexts with Information-Maximizing Hierarchical Conditional VAEs,Data Mining,FALSE
Generating Fact Checking Explanations,Data Mining,FALSE
Generating Hierarchical Explanations on Text Classification via Feature Interaction Detection,Data Mining,FALSE
Generating Informative Conversational Response using Recurrent Knowledge-Interaction and Knowledge-Copy,Data Mining,FALSE
Generative Semantic Hashing Enhanced via Boltzmann Machines,Data Mining,FALSE
GLUECoS: An Evaluation Benchmark for Code-Switched NLP,Data Mining,FALSE
GoEmotions: A Dataset of Fine-Grained Emotions,Data Mining,FALSE
Good-Enough Compositional Data Augmentation,Data Mining,FALSE
Graph Neural News Recommendation with Unsupervised Preference Disentanglement,Data Mining,FALSE
Graph-to-Tree Learning for Solving Math Word Problems,Data Mining,FALSE
Grounded Conversation Generation as Guided Traverses in Commonsense Knowledge Graphs,Data Mining,FALSE
Grounding Conversations with Improvised Dialogues,Data Mining,FALSE
Guiding Variational Response Generator to Exploit Persona,Data Mining,FALSE
Handling Rare Entities for Neural Sequence Labeling,Data Mining,FALSE
Hard-Coded Gaussian Attention for Neural Machine Translation,Data Mining,FALSE
Harnessing the linguistic signal to predict scalar inferences,Data Mining,FALSE
Harvesting and Refining Question-Answer Pairs for Unsupervised QA,Data Mining,FALSE
HAT: Hardware-Aware Transformers for Efficient Natural Language Processing,Data Mining,FALSE
"He said ""who's gonna take care of your children when you are at ACL?"": Reported Sexist Acts are Not Sexist",Data Mining,FALSE
Heterogeneous Graph Neural Networks for Extractive Document Summarization,Data Mining,FALSE
Heterogeneous Graph Transformer for Graph-to-Sequence Learning,Data Mining,FALSE
Hierarchical Entity Typing via Multi-level Learning to Rank,Data Mining,FALSE
Hierarchical Modeling for User Personality Prediction: The Role of Message-Level Attention,Data Mining,FALSE
Hierarchy-Aware Global Model for Hierarchical Text Classification,Data Mining,FALSE
Highway Transformer: Self-Gating Enhanced Self-Attentive Networks,Data Mining,FALSE
Hiring Now: A Skill-Aware Multi-Attention Model for Job Posting Generation,Data Mining,FALSE
History for Visual Dialog: Do we really need it?,Data Mining,FALSE
Hooks in the Headline: Learning to Generate Headlines with Controlled Styles,Data Mining,FALSE
How Accents Confound: Probing for Accent Information in End-to-End Speech Recognition Systems,Data Mining,FALSE
How does BERT's attention change when you fine-tune? An analysis methodology and a case study in negation scope,Data Mining,FALSE
How Does NLP Benefit Legal System: A Summary of Legal Artificial Intelligence,Data Mining,FALSE
How Does Selective Mechanism Improve Self-Attention Networks?,Data Mining,FALSE
How to Ask Good Questions? Try to Leverage Paraphrases,Data Mining,FALSE
Human Attention Maps for Text Classification: Do Humans and Neural Networks Focus on the Same Words?,Data Mining,FALSE
Hyperbolic Capsule Networks for Multi-Label Classification,Data Mining,FALSE
HyperCore: Hyperbolic and Co-graph Representation for Automatic ICD Coding,Data Mining,FALSE
Image-Chat: Engaging Grounded Conversations,Data Mining,FALSE
IMoJIE: Iterative Memory-Based Joint Open Information Extraction,Data Mining,FALSE
Improved Natural Language Generation via Loss Truncation,Data Mining,FALSE
Improving Adversarial Text Generation by Modeling the Distant Future,Data Mining,FALSE
Improving Chinese Word Segmentation with Wordhood Memory Networks,Data Mining,FALSE
Improving Disentangled Text Representation Learning with Information-Theoretic Guidance,Data Mining,FALSE
Improving Disfluency Detection by Self-Training a Self-Attentive Model,Data Mining,FALSE
Improving Event Detection via Open-domain Trigger Knowledge,Data Mining,FALSE
Improving Image Captioning Evaluation by Considering Inter References Variance,Data Mining,FALSE
Improving Image Captioning with Better Use of Caption,Data Mining,FALSE
Improving Massively Multilingual Neural Machine Translation and Zero-Shot Translation,Data Mining,FALSE
Improving Multi-hop Question Answering over Knowledge Graphs using Knowledge Base Embeddings,Data Mining,FALSE
Improving Multimodal Named Entity Recognition via Entity Span Detection with Unified Multimodal Transformer,Data Mining,FALSE
Improving Neural Machine Translation with Soft Template Prediction,Data Mining,FALSE
Improving Segmentation for Technical Support Problems,Data Mining,FALSE
Improving Transformer Models by Reordering their Sublayers,Data Mining,FALSE
Improving Truthfulness of Headline Generation,Data Mining,FALSE
In Layman's Terms: Semi-Open Relation Extraction from Scientific Texts,Data Mining,FALSE
"In Neural Machine Translation, What Does Transfer Learning Transfer?",Data Mining,FALSE
Inflecting when there's no majority: Limitations of encoder-decoder neural networks as cognitive models for German plurals,Data Mining,FALSE
Influence Paths for Characterizing Subject-Verb Number Agreement in LSTM Language Models,Data Mining,FALSE
Information-Theoretic Probing for Linguistic Structure,Data Mining,FALSE
INFOTABS: Inference on Tables as Semi-structured Data,Data Mining,FALSE
Injecting Numerical Reasoning Skills into Language Models,Data Mining,FALSE
INSET: Sentence Infilling with INter-SEntential Transformer,Data Mining,FALSE
Integrating Multimodal Information in Large Pretrained Transformers,Data Mining,FALSE
Integrating Semantic and Structural Information with Graph Convolutional Network for Controversy Detection,Data Mining,FALSE
Interactive Classification by Asking Informative Questions,Data Mining,FALSE
Interactive Construction of User-Centric Dictionary for Text Analytics,Data Mining,FALSE
Interactive Machine Comprehension with Information Seeking Agents,Data Mining,FALSE
Intermediate-Task Transfer Learning with Pretrained Language Models: When and Why Does It Work?,Data Mining,FALSE
Interpreting Pretrained Contextualized Representations via Reductions to Static Embeddings,Data Mining,FALSE
Investigating the effect of auxiliary objectives for the automated grading of learner English speech transcriptions,Data Mining,FALSE
Investigating Word-Class Distributions in Word Vector Spaces,Data Mining,FALSE
iSarcasm: A Dataset of Intended Sarcasm,Data Mining,FALSE
"It Takes Two to Lie: One to Lie, and One to Listen",Data Mining,FALSE
It's Morphin' Time! Combating Linguistic Discrimination with Inflectional Perturbations,Data Mining,FALSE
Iterative Edit-Based Unsupervised Sentence Simplification,Data Mining,FALSE
Joint Chinese Word Segmentation and Part-of-speech Tagging via Two-way Attentions of Auto-analyzed Knowledge,Data Mining,FALSE
"Joint Diacritization, Lemmatization, Normalization, and Fine-Grained Morphological Tagging",Data Mining,FALSE
Joint Modelling of Emotion and Abusive Language Detection,Data Mining,FALSE
Jointly Learning to Align and Summarize for Neural Cross-Lingual Summarization,Data Mining,FALSE
Jointly Masked Sequence-to-Sequence Model for Non-Autoregressive Neural Machine Translation,Data Mining,FALSE
KdConv: A Chinese Multi-domain Dialogue Dataset Towards Multi-turn Knowledge-driven Conversation,Data Mining,FALSE
KinGDOM: Knowledge-Guided DOMain adaptation for sentiment analysis,Data Mining,FALSE
KLEJ: Comprehensive Benchmark for Polish Language Understanding,Data Mining,FALSE
Knowledge Distillation for Multilingual Unsupervised Neural Machine Translation,Data Mining,FALSE
Knowledge Graph Embedding Compression,Data Mining,FALSE
Knowledge Graph-Augmented Abstractive Summarization with Semantic-Driven Cloze Reward,Data Mining,FALSE
Language (Re)modelling: Towards Embodied Language Understanding,Data Mining,FALSE
Language (technology) is power: The need to be explicit about NLP harms,Data Mining,FALSE
Language Models as an Alternative Evaluator of Word Order Hypotheses: A Case Study in Japanese,Data Mining,FALSE
Language to Network: Conditional Parameter Adaptation with Natural Language Descriptions,Data Mining,FALSE
Large Scale Multi-Actor Generative Dialog Modeling,Data Mining,FALSE
Learning a Multi-Domain Curriculum for Neural Machine Translation,Data Mining,FALSE
Learning and Evaluating Emotion Lexicons for 91 Languages,Data Mining,FALSE
Learning Architectures from an Extended Search Space for Language Modeling,Data Mining,FALSE
Learning Constraints for Structured Prediction Using Rectifier Networks,Data Mining,FALSE
Learning Dialog Policies from Weak Demonstrations,Data Mining,FALSE
Learning Efficient Dialogue Policy from Demonstrations through Shaping,Data Mining,FALSE
"Learning Interpretable Relationships between Entities, Relations and Concepts via Bayesian Structure Learning on Open Domain Facts",Data Mining,FALSE
Learning Source Phrase Representations for Neural Machine Translation,Data Mining,FALSE
Learning to Ask More: Semi-Autoregressive Sequential Question Generation under Dual-Graph Interaction,Data Mining,FALSE
Learning to Contextually Aggregate Multi-Source Supervision for Sequence Labeling,Data Mining,FALSE
Learning to Customize Model Structures for Few-shot Dialogue Generation Tasks,Data Mining,FALSE
Learning to Deceive with Attention-Based Explanations,Data Mining,FALSE
Learning to execute instructions in a Minecraft dialogue,Data Mining,FALSE
Learning to Faithfully Rationalize by Construction,Data Mining,FALSE
Learning to Identify Follow-Up Questions in Conversational Question Answering,Data Mining,FALSE
Learning to Recover from Multi-Modality Errors for Non-Autoregressive Neural Machine Translation,Data Mining,FALSE
Learning to Segment Actions from Observation and Narration,Data Mining,FALSE
Learning to Update Natural Language Comments Based on Code Changes,Data Mining,FALSE
Learning Web-based Procedures by Reasoning over Explanations and Demonstrations in Context,Data Mining,FALSE
Leveraging Graph to Improve Abstractive Multi-Document Summarization,Data Mining,FALSE
Line Graph Enhanced AMR-to-Text Generation with Mix-Order Graph Attention Networks,Data Mining,FALSE
Location Attention for Extrapolation to Longer Sequences,Data Mining,FALSE
Logical Natural Language Generation from Open-Domain Tables,Data Mining,FALSE
LogicalFactChecker: Leveraging Logical Operations for Fact Checking with Graph Module Network,Data Mining,FALSE
Low-Dimensional Hyperbolic Knowledge Graph Embeddings,Data Mining,FALSE
Low-Resource Generation of Multi-hop Reasoning Questions,Data Mining,FALSE
Machine Reading of Historical Events,Data Mining,FALSE
Mapping Natural Language Instructions to Mobile UI Action Sequences,Data Mining,FALSE
MART: Memory-Augmented Recurrent Transformer for Coherent Video Paragraph Captioning,Data Mining,FALSE
Masked Language Model Scoring,Data Mining,FALSE
"MATINF: A Jointly Labeled Large-Scale Dataset for Classification, Question Answering and Summarization",Data Mining,FALSE
Max-Margin Incremental CCG Parsing,Data Mining,FALSE
Measuring Forecasting Skill from Text,Data Mining,FALSE
Meta-Reinforced Multi-Domain State Generator for Dialogue Systems,Data Mining,FALSE
MIE: A Medical Information Extractor towards Medical Dialogues,Data Mining,FALSE
Mind the Trade-off: Debiasing NLU Models without Degrading the In-distribution Performance,Data Mining,FALSE
MIND: A Large-scale Dataset for News Recommendation,Data Mining,FALSE
MixText: Linguistically-Informed Interpolation of Hidden Space for Semi-Supervised Text Classification,Data Mining,FALSE
MLQA: Evaluating Cross-lingual Extractive Question Answering,Data Mining,FALSE
MMPE: A Multi-Modal Interface for Post-Editing Machine Translation,Data Mining,FALSE
MobileBERT: a Compact Task-Agnostic BERT for Resource-Limited Devices,Data Mining,FALSE
Modeling Code-Switch Languages Using Bilingual Parallel Corpus,Data Mining,FALSE
Modeling Morphological Typology for Unsupervised Learning of Language Morphology,Data Mining,FALSE
Modelling Context and Syntactical Features for Aspect-based Sentiment Analysis,Data Mining,FALSE
More Diverse Dialogue Datasets via Diversity-Informed Data Collection,Data Mining,FALSE
Moving Down the Long Tail of Word Sense Disambiguation with Gloss Informed Bi-encoders,Data Mining,FALSE
Multi-agent Communication meets Natural Language: Synergies between Functional and Structural Language Learning,Data Mining,FALSE
Multi-Agent Task-Oriented Dialog Policy Learning with Role-Aware Reward Decomposition,Data Mining,FALSE
Multi-Cell Compositional LSTM for NER Domain Adaptation,Data Mining,FALSE
Multidirectional Associative Optimization of Function-Specific Word Representations,Data Mining,FALSE
Multi-Domain Dialogue Acts and Response Co-Generation,Data Mining,FALSE
Multi-Domain Named Entity Recognition with Genre-Aware and Agnostic Inference,Data Mining,FALSE
Multi-Domain Neural Machine Translation with Word-Level Adaptive Layer-wise Domain Mixing,Data Mining,FALSE
Multi-Granularity Interaction Network for Extractive and Abstractive Multi-Document Summarization,Data Mining,FALSE
Multi-Hypothesis Machine Translation Evaluation,Data Mining,FALSE
Multi-Label and Multilingual News Framing Analysis,Data Mining,FALSE
Multimodal Neural Graph Memory Networks for Visual Question Answering,Data Mining,FALSE
MultiQT: Multimodal learning for real-time question tracking in speech,Data Mining,FALSE
Multiscale Collaborative Deep Models for Neural Machine Translation,Data Mining,FALSE
Multi-Sentence Argument Linking,Data Mining,FALSE
Multi-source Meta Transfer for Low Resource Multiple-Choice Question Answering,Data Mining,FALSE
MuTual: A Dataset for Multi-Turn Dialogue Reasoning,Data Mining,FALSE
Named Entity Recognition without Labelled Data: A Weak Supervision Approach,Data Mining,FALSE
NAT: Noise-Aware Training for Robust Neural Sequence Labeling,Data Mining,FALSE
Negative Training for Neural Dialogue Response Generation,Data Mining,FALSE
Neighborhood Matching Network for Entity Alignment,Data Mining,FALSE
NeuInfer: Knowledge Inference on N-ary Facts,Data Mining,FALSE
Neural CRF Model for Sentence Alignment in Text Simplification,Data Mining,FALSE
Neural Data-to-Text Generation via Jointly Learning the Segmentation and Correspondence,Data Mining,FALSE
Neural Generation of Dialogue Response Timings,Data Mining,FALSE
Neural Mixed Counting Models for Dispersed Topic Discovery,Data Mining,FALSE
Neural Reranking for Dependency Parsing: An Evaluation,Data Mining,FALSE
Neural Syntactic Preordering for Controlled Paraphrase Generation,Data Mining,FALSE
Neural Topic Modeling with Bidirectional Adversarial Training,Data Mining,FALSE
NILE : Natural Language Inference with Faithful Natural Language Explanations,Data Mining,FALSE
Norm-Based Curriculum Learning for Neural Machine Translation,Data Mining,FALSE
Not All Claims are Created Equal: Choosing the Right Statistical Approach to Assess Hypotheses,Data Mining,FALSE
Null It Out: Guarding Protected Attributes by Iterative Nullspace Projection,Data Mining,FALSE
Obtaining Faithful Interpretations from Compositional Neural Networks,Data Mining,FALSE
On Faithfulness and Factuality in Abstractive Summarization,Data Mining,FALSE
On the Cross-lingual Transferability of Monolingual Representations,Data Mining,FALSE
On the Encoder-Decoder Incompatibility in Variational Text Modeling and Beyond,Data Mining,FALSE
On The Evaluation of Machine Translation SystemsTrained With Back-Translation,Data Mining,FALSE
On the Inference Calibration of Neural Machine Translation,Data Mining,FALSE
On the Limitations of Cross-lingual Encoders as Exposed by Reference-Free Machine Translation Evaluation,Data Mining,FALSE
On the Robustness of Language Encoders against Grammatical Errors,Data Mining,FALSE
One Size Does Not Fit All: Generating and Evaluating Variable Number of Keyphrases,Data Mining,FALSE
Optimizing the Factual Correctness of a Summary: A Study of Summarizing Radiology Reports,Data Mining,FALSE
Orthogonal Relation Transforms with Graph Context Modeling for Knowledge Graph Embedding,Data Mining,FALSE
Out of the Echo Chamber: Detecting Countering Debate Speeches,Data Mining,FALSE
ParaCrawl: Web-Scale Acquisition of Parallel Corpora,Data Mining,FALSE
Parallel Corpus Filtering via Pre-trained Language Models,Data Mining,FALSE
Paraphrase Augmented Task-Oriented Dialog Generation,Data Mining,FALSE
Paraphrase Generation by Learning How to Edit from Samples,Data Mining,FALSE
Parsing into Variable-in-situ Logico-Semantic Graphs,Data Mining,FALSE
Perturbed Masking: Parameter-free Probing for Analyzing and Interpreting BERT,Data Mining,FALSE
PeTra: A Sparsely Supervised Memory Model for People Tracking,Data Mining,FALSE
Phone Features Improve Speech Translation,Data Mining,FALSE
Phonetic and Visual Priors for Decipherment of Informal Romanization,Data Mining,FALSE
PLATO: Pre-trained Dialogue Generation Model with Discrete Latent Variable,Data Mining,FALSE
Politeness Transfer: A Tag and Generate Approach,Data Mining,FALSE
Posterior Control of Blackbox Generation,Data Mining,FALSE
Predicting Declension Class from Form and Meaning,Data Mining,FALSE
Predicting Depression in Screening Interviews from Latent Categorization of Interview Prompts,Data Mining,FALSE
Predicting Performance for Natural Language Processing Tasks,Data Mining,FALSE
Predicting the Focus of Negation: Model and Error Analysis,Data Mining,FALSE
Predicting the Growth of Morphological Families from Social and Linguistic Factors,Data Mining,FALSE
Predicting the Topical Stance and Political Leaning of Media using Tweets,Data Mining,FALSE
Predictive Biases in Natural Language Processing Models: A Conceptual Framework and Overview,Data Mining,FALSE
Premise Selection in Natural Language Mathematical Texts,Data Mining,FALSE
Pre-train and Plug-in: Flexible Conditional Text Generation with Variational Auto-Encoders,Data Mining,FALSE
Pre-training Is (Almost) All You Need: An Application to Commonsense Reasoning,Data Mining,FALSE
Pretraining with Contrastive Sentence Objectives Improves Discourse Performance of Language Models,Data Mining,FALSE
Probabilistic Assumptions Matter: Improved Models for Distantly-Supervised Document-Level Question Answering,Data Mining,FALSE
Probabilistically Masked Language Model Capable of Autoregressive Generation in Arbitrary Word Order,Data Mining,FALSE
Probing for referential information in language models,Data Mining,FALSE
Probing Linguistic Features of Sentence-Level Representations in Relation Extraction,Data Mining,FALSE
Probing Linguistic Systematicity,Data Mining,FALSE
Programming in Natural Language with fuSE: Synthesizing Methods from Spoken Utterances Using Deep Natural Language Understanding,Data Mining,FALSE
PuzzLing Machines: A Challenge on Learning From Small Data,Data Mining,FALSE
Pyramid: A Layered Model for Nested Named Entity Recognition,Data Mining,FALSE
QuASE: Question-Answer Driven Sentence Encoding,Data Mining,FALSE
"R^3: Reverse, Retrieve, and Rank for Sarcasm Generation with Commonsense Knowledge",Data Mining,FALSE
Rationalizing Medical Relation Prediction from Corpus-level Statistics,Data Mining,FALSE
Rationalizing Text Matching: Learning Sparse Alignments via Optimal Transport,Data Mining,FALSE
RAT-SQL: Relation-Aware Schema Encoding and Linking for Text-to-SQL Parsers,Data Mining,FALSE
Reasoning Over Semantic-Level Graph for Fact Checking,Data Mining,FALSE
Reasoning with Latent Structure Refinement for Document-Level Relation Extraction,Data Mining,FALSE
Reasoning with Multimodal Sarcastic Tweets via Modeling Cross-Modality Contrast and Semantic Association,Data Mining,FALSE
(Re)construing Meaning in NLP,Data Mining,FALSE
Recurrent Chunking Mechanisms for Long-Text Machine Reading Comprehension,Data Mining,FALSE
Recurrent Neural Network Language Models Always Learn English-Like Relative Clause Attachment,Data Mining,FALSE
Reducing Gender Bias in Neural Machine Translation as a Domain Adaptation Problem,Data Mining,FALSE
Refer360¡Æ : A Referring Expression Recognition Dataset in 360Â° Images,Data Mining,FALSE
ReInceptionE: Relation-Aware Inception Network with Joint Local-Global Structural Information for Knowledge Graph Embedding,Data Mining,FALSE
Relabel the Noise: Joint Extraction of Entities and Relations via Cooperative Multiagents,Data Mining,FALSE
Relational Graph Attention Network for Aspect-based Sentiment Analysis,Data Mining,FALSE
Relation-Aware Collaborative Learning for Unified Aspect-Based Sentiment Analysis,Data Mining,FALSE
Representation Learning for Information Extraction from Form-like Documents,Data Mining,FALSE
Response-Anticipated Memory for On-Demand Knowledge Integration in Response Generation,Data Mining,FALSE
Review-based Question Generation with Adaptive Instance Transfer and Augmentation,Data Mining,FALSE
Revisiting the Context Window for Cross-lingual Word Embeddings,Data Mining,FALSE
Rigid Formats Controlled Text Generation,Data Mining,FALSE
RikiNet: Reading Wikipedia Pages for Natural Question Answering,Data Mining,FALSE
Robust Encodings: A Framework for Combating Adversarial Typos,Data Mining,FALSE
Roles and Utilization of Attention Heads in Transformer-based Neural Language Models,Data Mining,FALSE
S2ORC: The Semantic Scholar Open Research Corpus,Data Mining,FALSE
SAS: Dialogue State Tracking via Slot Attention and Slot Information Sharing,Data Mining,FALSE
SCDE: Sentence Cloze Dataset with High Quality Distractors From Examinations,Data Mining,FALSE
schuBERT: Optimizing Elements of BERT,Data Mining,FALSE
SciREX: A Challenge Dataset for Document-Level Information Extraction,Data Mining,FALSE
Screenplay Summarization Using Latent Narrative Structure,Data Mining,FALSE
ScriptWriter: Narrative-Guided Script Generation,Data Mining,FALSE
SEEK: Segmented Embedding of Knowledge Graphs,Data Mining,FALSE
Selecting Backtranslated Data from Multiple Sources for Improved Neural Machine Translation,Data Mining,FALSE
Selective Question Answering under Domain Shift,Data Mining,FALSE
Semantic Graphs for Generating Deep Questions,Data Mining,FALSE
Semantic Parsing for English as a Second Language,Data Mining,FALSE
Semantic Scaffolds for Pseudocode-to-Code Generation,Data Mining,FALSE
Semi-supervised Contextual Historical Text Normalization,Data Mining,FALSE
Semi-Supervised Dialogue Policy Learning via Stochastic Reward Estimation,Data Mining,FALSE
Semi-Supervised Semantic Dependency Parsing Using CRF Autoencoders,Data Mining,FALSE
SenseBERT: Driving Some Sense into BERT,Data Mining,FALSE
SentiBERT: A Transferable Transformer-Based Architecture for Compositional Sentiment Semantics,Data Mining,FALSE
"Sentiment and Emotion help Sarcasm? A Multi-task Learning Framework for Multi-Modal Sarcasm, Sentiment and Emotion Analysis",Data Mining,FALSE
SeqVAT: Virtual Adversarial Training for Semi-Supervised Sequence Labeling,Data Mining,FALSE
Should All Cross-Lingual Embeddings Speak English?,Data Mining,FALSE
Similarity Analysis of Contextual Word Representation Models,Data Mining,FALSE
"Simple, Interpretable and Stable Method for Detecting Words with Usage Change across Corpora",Data Mining,FALSE
Simplify the Usage of Lexicon in Chinese NER,Data Mining,FALSE
SimulSpeech: End-to-End Simultaneous Speech to Text Translation,Data Mining,FALSE
Single-/Multi-Source Cross-Lingual NER via Teacher-Student Learning on Unlabeled Data in Target Language,Data Mining,FALSE
SKEP: Sentiment Knowledge Enhanced Pre-training for Sentiment Analysis,Data Mining,FALSE
Slot-consistent NLG for Task-oriented Dialogue Systems with Iterative Rectification Network,Data Mining,FALSE
SMART: Robust and Efficient Fine-Tuning for Pre-trained Natural Language Models through Principled Regularized Optimization,Data Mining,FALSE
Social Bias Frames: Reasoning about Social and Power Implications of Language,Data Mining,FALSE
Sources of Transfer in Multilingual Named Entity Recognition,Data Mining,FALSE
Span Selection Pre-training for Question Answering,Data Mining,FALSE
Span-based Localizing Network for Natural Language Video Localization,Data Mining,FALSE
SpanMlt: A Span-based Multi-Task Learning Framework for Pair-wise Aspect and Opinion Terms Extraction,Data Mining,FALSE
Speak to your Parser: Interactive Text-to-SQL with Natural Language Feedback,Data Mining,FALSE
Speaker Sensitive Response Evaluation Model,Data Mining,FALSE
Speakers enhance contextually confusable words,Data Mining,FALSE
SPECTER: Document-level Representation Learning using Citation-informed Transformers,Data Mining,FALSE
Speech Translation and the End-to-End Promise: Taking Stock of Where We Are,Data Mining,FALSE
SpellGCN: Incorporating Phonological and Visual Similarities into Language Models for Chinese Spelling Check,Data Mining,FALSE
Spelling Error Correction with Soft-Masked BERT,Data Mining,FALSE
Spying on your neighbors: Fine-grained probing of contextual embeddings for information about surrounding words,Data Mining,FALSE
STARC: Structured Annotations for Reading Comprehension,Data Mining,FALSE
"Stock Embeddings Acquired from News Articles and Price History, and an Application to Portfolio Optimization",Data Mining,FALSE
Storytelling with Dialogue: A Critical Role Dungeons and Dragons Dataset,Data Mining,FALSE
Structural Information Preserving for Graph-to-Text Generation,Data Mining,FALSE
Structured Tuning for Semantic Role Labeling,Data Mining,FALSE
Structure-Level Knowledge Distillation For Multilingual Sequence Labeling,Data Mining,FALSE
Suspense in Short Stories is Predicted By Uncertainty Reduction over Neural Story Representation,Data Mining,FALSE
Synchronous Double-channel Recurrent Network for Aspect-Opinion Pair Extraction,Data Mining,FALSE
Syn-QG: Syntactic and Shallow Semantic Rules for Question Generation,Data Mining,FALSE
Syntax-Aware Opinion Role Labeling with Dependency Graph Convolutional Networks,Data Mining,FALSE
TaBERT: Pretraining for Joint Understanding of Textual and Tabular Data,Data Mining,FALSE
TACRED Revisited: A Thorough Evaluation of the TACRED Relation Extraction Task,Data Mining,FALSE
TAG : Type Auxiliary Guiding for Code Comment Generation,Data Mining,FALSE
Tangled up in BLEU: Reevaluating the Evaluation of Automatic Machine Translation Evaluation Metrics,Data Mining,TRUE
TaPas: Weakly Supervised Table Parsing via Pre-training,Data Mining,FALSE
Target Inference in Argument Conclusion Generation,Data Mining,FALSE
Taxonomy Construction of Unseen Domains via Graph-based Cross-Domain Knowledge Transfer,Data Mining,FALSE
Tchebycheff Procedure for Multi-task Text Classification,Data Mining,FALSE
Temporal Common Sense Acquisition with Minimal Supervision,Data Mining,FALSE
Temporally-Informed Analysis of Named Entity Recognition,Data Mining,FALSE
Text and Causal Inference: A Review of Using Text to Remove Confounding from Causal Estimates,Data Mining,FALSE
Text-Based Ideal Points,Data Mining,FALSE
That is a Known Lie: Detecting Previously Fact-Checked Claims,Data Mining,FALSE
"""The Boating Store Had Its Best Sail Ever"": Pronunciation-attentive Contextualized Pun Recognition",Data Mining,FALSE
The Cascade Transformer: an Application for Efficient Answer Sentence Selection,Data Mining,FALSE
The Dialogue Dodecathlon: Open-Domain Knowledge and Image Grounded Conversational Agents,Data Mining,FALSE
The Paradigm Discovery Problem,Data Mining,FALSE
The Right Tool for the Job: Matching Model and Instance Complexities,Data Mining,FALSE
The Sensitivity of Language Models and Humans to Winograd Schema Perturbations,Data Mining,FALSE
The SOFC-Exp Corpus and Neural Approaches to Information Extraction in the Materials Science Domain,Data Mining,FALSE
The State and Fate of Linguistic Diversity and Inclusion in the NLP World,Data Mining,FALSE
The Summary Loop: Learning to Write Abstractive Summaries Without Examples,Data Mining,FALSE
The TechQA Dataset,Data Mining,FALSE
The Unstoppable Rise of Computational Linguistics in Deep Learning,Data Mining,FALSE
To Boldly Query What No One Has Annotated Before? The Frontiers of Corpus Querying,Data Mining,FALSE
"To Test Machine Comprehension, Start by Defining Comprehension",Data Mining,FALSE
Toward Gender-Inclusive Coreference Resolution,Data Mining,FALSE
Towards Conversational Recommendation over Multi-Type Dialogs,Data Mining,FALSE
Towards Debiasing Sentence Representations,Data Mining,FALSE
Towards Emotion-aided Multi-modal Dialogue Act Classification,Data Mining,FALSE
Towards Faithful Neural Table-to-Text Generation with Content-Matching Constraints,Data Mining,FALSE
Towards Holistic and Automatic Evaluation of Open-Domain Dialogue Generation,Data Mining,FALSE
Towards Interpretable Clinical Diagnosis with Bayesian Network Ensembles Stacked on Entity-Aware CNNs,Data Mining,FALSE
Towards Robustifying NLI Models Against Lexical Dataset Biases,Data Mining,FALSE
Towards Transparent and Explainable Attention Models,Data Mining,FALSE
Towards Understanding Gender Bias in Relation Extraction,Data Mining,FALSE
Towards Unsupervised Language Understanding and Generation by Joint Dual Learning,Data Mining,FALSE
Toxicity Detection: Does Context Really Matter?,Data Mining,FALSE
Transition-based Directed Graph Construction for Emotion-Cause Pair Extraction,Data Mining,FALSE
Transition-based Semantic Dependency Parsing with Pointer Networks,Data Mining,FALSE
"Translationese as a Language in ""Multilingual"" NMT",Data Mining,FALSE
TransS-Driven Joint Learning Architecture for Implicit Discourse Relation Recognition,Data Mining,FALSE
TVQA+: Spatio-Temporal Grounding for Video Question Answering,Data Mining,FALSE
TXtract: Taxonomy-Aware Knowledge Extraction for Thousands of Product Categories,Data Mining,FALSE
Uncertainty-Aware Curriculum Learning for Neural Machine Translation,Data Mining,FALSE
Understanding Attention for Text Classification,Data Mining,FALSE
Understanding the Language of Political Agreement and Disagreement in Legislative Texts,Data Mining,FALSE
Universal Decompositional Semantic Parsing,Data Mining,FALSE
Unknown Intent Detection Using Gaussian Mixture Model with an Application to Zero-shot Intent Classification,Data Mining,FALSE
Unsupervised Alignment-based Iterative Evidence Retrieval for Multi-hop Question Answering,Data Mining,FALSE
Unsupervised Cross-lingual Representation Learning at Scale,Data Mining,FALSE
Unsupervised Domain Clusters in Pretrained Language Models,Data Mining,FALSE
Unsupervised Dual Paraphrasing for Two-stage Semantic Parsing,Data Mining,FALSE
Unsupervised Morphological Paradigm Completion,Data Mining,FALSE
Unsupervised Multimodal Neural Machine Translation with Pseudo Visual Pivoting,Data Mining,FALSE
Unsupervised Opinion Summarization as Copycat-Review Generation,Data Mining,FALSE
Unsupervised Opinion Summarization with Noising and Denoising,Data Mining,FALSE
Unsupervised Paraphrasing by Simulated Annealing,Data Mining,FALSE
USR: An Unsupervised and Reference Free Evaluation Metric for Dialog Generation,Data Mining,FALSE
Weight Poisoning Attacks on Pretrained Models,Data Mining,FALSE
What are the Goals of Distributional Semantics?,Data Mining,FALSE
What determines the order of adjectives in English? Comparing efficiency-based theories using dependency treebanks,Data Mining,FALSE
What Question Answering can Learn from Trivia Nerds,Data Mining,FALSE
What Was Written vs. Who Read It: News Media Profiling Using Text Analysis and Social Media Context,Data Mining,FALSE
When do Word Embeddings Accurately Reflect Surveys on our Beliefs About People?,Data Mining,FALSE
"""Who said it, and Why?"" Provenance for Natural Language Claims",Data Mining,FALSE
WinoWhy: A Deep Diagnosis of Essential Commonsense Knowledge for Answering Winograd Schema Challenge,Data Mining,FALSE
Word-level Textual Adversarial Attacking as Combinatorial Optimization,Data Mining,FALSE
XtremeDistil: Multi-stage Distillation for Massive Multilingual Models,Data Mining,FALSE
You Impress Me: Dialogue Generation via Mutual Persona Perception,Data Mining,FALSE
Zero-shot Text Classification via Reinforced Self-training,Data Mining,FALSE
Zero-Shot Transfer Learning with Synthesized Data for Multi-Domain Dialogue State Tracking,Data Mining,FALSE
ZeroShotCeres: Zero-Shot Relation Extraction from Semi-Structured Webpages,Data Mining,FALSE
A Complete Shift-Reduce Chinese Discourse Parser with Robust Dynamic Oracle,Data Mining,FALSE
A Diverse Corpus for Evaluating and Developing English Math Word Problem Solvers,Data Mining,FALSE
A Frame-based Sentence Representation for Machine Reading Comprehension,Data Mining,FALSE
A Large-Scale Multi-Document Summarization Dataset from the Wikipedia Current Events Portal,Data Mining,FALSE
A Multi-Perspective Architecture for Semantic Code Search,Data Mining,FALSE
A negative case analysis of visual grounding methods for VQA,Data Mining,FALSE
A Probabilistic Generative Model for Typographical Analysis of Early Modern Printing,Data Mining,FALSE
A Re-evaluation of Knowledge Graph Completion Methods,Data Mining,FALSE
A Relational Memory-based Embedding Model for Triple Classification and Search Personalization,Data Mining,FALSE
A Relaxed Matching Procedure for Unsupervised BLI,Data Mining,FALSE
A Retrieve-and-Rewrite Initialization Method for Unsupervised Machine Translation,Data Mining,FALSE
A Simple and Effective Unified Encoder for Document-Level Machine Translation,Data Mining,FALSE
A Tale of a Probe and a Parser,Data Mining,FALSE
A Three-Parameter Rank-Frequency Relation in Natural Languages,Data Mining,FALSE
A Transformer-based Approach for Source Code Summarization,Data Mining,FALSE
A Two-Stage Masked LM Method for Term Set Expansion,Data Mining,FALSE
A Two-Step Approach for Implicit Event Argument Detection,Data Mining,FALSE
Active Learning for Coreference Resolution using Discrete Annotation,Data Mining,FALSE
An Empirical Comparison of Unsupervised Constituency Parsing Methods,Data Mining,FALSE
Analyzing the Persuasive Effect of Style in News Editorial Argumentation,Data Mining,FALSE
Are we Estimating or Guesstimating Translation Quality?,Data Mining,FALSE
Attend to Medical Ontologies: Content Selection for Clinical Abstractive Summarization,Data Mining,FALSE
Autoencoding Keyword Correlation Graph for Document Clustering,Data Mining,FALSE
Automated Topical Component Extraction Using Neural Network Attention Scores from Source-based Essay Scoring,Data Mining,FALSE
Automatic Machine Translation Evaluation using Source Language Inputs and Cross-lingual Language Model,Data Mining,FALSE
Bayesian Hierarchical Words Representation Learning,Data Mining,FALSE
Benefits of Intermediate Annotations in Reading Comprehension,Data Mining,FALSE
Camouflaged Chinese Spam Content Detection with Semi-supervised Generative Active Learning,Data Mining,FALSE
Character-Level Translation with Self-attention,Data Mining,FALSE
ClarQ: A large-scale and diverse dataset for Clarification Question Generation,Data Mining,FALSE
Classification-Based Self-Learning for Weakly Supervised Bilingual Lexicon Induction,Data Mining,FALSE
Clinical Concept Linking with Contextualized Neural Representations,Data Mining,FALSE
Closing the Gap: Joint De-Identification and Concept Extraction in the Clinical Domain,Data Mining,FALSE
Coach: A Coarse-to-Fine Approach for Cross-domain Slot Filling,Data Mining,FALSE
"Code-switching patterns can be an effective route to improve performance of downstream NLP applications: A case study of humour, sarcasm and hate speech detection",Data Mining,FALSE
Composing Elementary Discourse Units in Abstractive Summarization,Data Mining,FALSE
Content Word Aware Neural Machine Translation,Data Mining,FALSE
Contextual Embeddings: When Are They Worth It?,Data Mining,FALSE
Contextual Neural Machine Translation Improves Translation of Cataphoric Pronouns,Data Mining,FALSE
Contextualized Sparse Representations for Real-Time Open-Domain Question Answering,Data Mining,FALSE
Contextualizing Hate Speech Classifiers with Post-hoc Explanation,Data Mining,FALSE
Contrastive Self-Supervised Learning for Commonsense Reasoning,Data Mining,FALSE
Controlled Crowdsourcing for High-Quality QA-SRL Annotation,Data Mining,FALSE
Conversational Word Embedding for Retrieval-Based Dialog System,Data Mining,FALSE
Crawling and Preprocessing Mailing Lists At Scale for Dialog Analysis,Data Mining,FALSE
Crossing Variational Autoencoders for Answer Retrieval,Data Mining,FALSE
DeeBERT: Dynamic Early Exiting for Accelerating BERT Inference,Data Mining,FALSE
Designing Precise and Robust Dialogue Response Evaluators,Data Mining,FALSE
Dialogue State Tracking with Explicit Slot Connection Modeling,Data Mining,FALSE
Do Transformers Need Deep Long-Range Memory?,Data Mining,FALSE
Do you have the right scissors? Tailoring Pre-trained Language Models via Monte-Carlo Methods,Data Mining,FALSE
Does Multi-Encoder Help? A Case Study on Context-Aware Neural Machine Translation,Data Mining,FALSE
Don't Eclipse Your Arts Due to Small Discrepancies: Boundary Repositioning with a Pointer Network for Aspect Extraction,Data Mining,FALSE
Dscorer: A Fast Evaluation Metric for Discourse Representation Structure Parsing,Data Mining,FALSE
Dynamic Memory Induction Networks for Few-Shot Text Classification,Data Mining,FALSE
Dynamic Sampling Strategies for Multi-Task Reading Comprehension,Data Mining,FALSE
Dynamically Adjusting Transformer Batch Size by Monitoring Gradient Direction Change,Data Mining,FALSE
Efficient strategies for hierarchical text classification: external knowledge and auxiliary tasks,Data Mining,FALSE
Embarrassingly Simple Unsupervised Aspect Extraction,Data Mining,FALSE
Enabling Language Models to Fill in the Blanks,Data Mining,FALSE
Encoder-Decoder Models Can Benefit from Pre-trained Masked Language Models in Grammatical Error Correction,Data Mining,FALSE
ENGINE: Energy-Based Inference Networks for Non-Autoregressive Machine Translation,Data Mining,FALSE
Enhancing Machine Translation with Dependency-Aware Self-Attention,Data Mining,FALSE
Enhancing Pre-trained Chinese Character Representation with Word-aligned Attention,Data Mining,FALSE
Enriched In-Order Linearization for Faster Sequence-to-Sequence Constituent Parsing,Data Mining,FALSE
Entity-Aware Dependency-Based Deep Graph Attention Network for Comparative Preference Classification,Data Mining,FALSE
Estimating Mutual Information Between Dense Word Embeddings,Data Mining,FALSE
Evaluating Dialogue Generation Systems via Response Selection,Data Mining,FALSE
Evaluating Robustness to Input Perturbations for Neural Machine Translation,Data Mining,FALSE
Every Document Owns Its Structure: Inductive Text Classification via Graph Neural Networks,Data Mining,FALSE
ExpBERT: Representation Engineering with Natural Language Explanations,Data Mining,FALSE
Exploiting Personal Characteristics of Debaters for Predicting Persuasiveness,Data Mining,FALSE
Exploring Content Selection in Summarization of Novel Chapters,Data Mining,FALSE
Fact-based Content Weighting for Evaluating Abstractive Summarisation,Data Mining,FALSE
"Fatality Killed the Cat or: BabelPic, a Multimodal Dataset for Non-Concrete Concepts",Data Mining,FALSE
Few-Shot NLG with Pre-Trained Language Model,Data Mining,FALSE
FLAT: Chinese NER Using Flat-Lattice Transformer,Data Mining,FALSE
GAN-BERT: Generative Adversarial Learning for Robust Text Classification with a Bunch of Labeled Examples,Data Mining,FALSE
Geometry-aware domain adaptation for unsupervised alignment of word embeddings,Data Mining,FALSE
"Give Me Convenience and Give Her Death: Who Should Decide What Uses of NLP are Appropriate, and on What Basis?",Data Mining,FALSE
Glyph2Vec: Learning Chinese Out-of-Vocabulary Word Embedding from Glyphs,Data Mining,FALSE
GPT-too: A language-model-first approach for AMR-to-text generation,Data Mining,FALSE
How Can We Accelerate Progress Towards Human-like Linguistic Generalization?,Data Mining,TRUE
Hypernymy Detection for Low-Resource Languages via Meta Learning,Data Mining,FALSE
Identifying Principals and Accessories in a Complex Case based on the Comprehension of Fact Description,Data Mining,FALSE
Implicit Discourse Relation Classification: We Need to Talk about Evaluation,Data Mining,FALSE
Improved Speech Representations with Multi-Target Autoregressive Predictive Coding,Data Mining,FALSE
Improving Entity Linking through Semantic Reinforced Entity Embeddings,Data Mining,FALSE
Improving Low-Resource Named Entity Recognition using Joint Sentence and Token Labeling,Data Mining,FALSE
Improving Non-autoregressive Neural Machine Translation with Monolingual Data,Data Mining,FALSE
Incorporating External Knowledge through Pre-training for Natural Language to Code Generation,Data Mining,FALSE
Instance-Based Learning of Span Representations: A Case Study through Named Entity Recognition,Data Mining,FALSE
Interpretable Operational Risk Classification with Semi-Supervised Variational Autoencoder,Data Mining,FALSE
Interpreting Twitter User Geolocation,Data Mining,FALSE
Is Your Classifier Actually Biased? Measuring Fairness under Uncertainty with Bernstein Bounds,Data Mining,FALSE
It's Easier to Translate out of English than into it: Measuring Neural Translation Difficulty by Cross-Mutual Information,Data Mining,FALSE
Keyphrase Generation for Scientific Document Retrieval,Data Mining,FALSE
Knowledge Supports Visual Language Grounding: A Case Study on Colour Terms,Data Mining,FALSE
Language-aware Interlingua for Multilingual Neural Machine Translation,Data Mining,FALSE
Learning an Unreferenced Metric for Online Dialogue Evaluation,Data Mining,FALSE
Learning Implicit Text Generation via Feature Matching,Data Mining,FALSE
Learning Low-Resource End-To-End Goal-Oriented Dialog for Fast and Reliable System Deployment,Data Mining,FALSE
Learning Robust Models for e-Commerce Product Search,Data Mining,FALSE
Learning Spoken Language Representations with Neural Lattice Language Modeling,Data Mining,FALSE
Learning to Tag OOV Tokens by Integrating Contextual Representation and Background Knowledge,Data Mining,FALSE
Learning to Understand Child-directed and Adult-directed Speech,Data Mining,FALSE
Let Me Choose: From Verbal Context to Font Selection,Data Mining,FALSE
Leveraging Monolingual Data with Self-Supervision for Multilingual Neural Machine Translation,Data Mining,FALSE
Lexically Constrained Neural Machine Translation with Levenshtein Transformer,Data Mining,FALSE
Lipschitz Constrained Parameter Initialization for Deep Transformers,Data Mining,FALSE
Logic-Guided Data Augmentation and Regularization for Consistent Question Answering,Data Mining,FALSE
Low Resource Sequence Tagging using Sentence Reconstruction,Data Mining,FALSE
Make Up Your Mind! Adversarial Generation of Inconsistent Natural Language Explanations,Data Mining,FALSE
Masking Actor Information Leads to Fairer Political Claims Detection,Data Mining,FALSE
Meta-Transfer Learning for Code-Switched Speech Recognition,Data Mining,FALSE
Mitigating Gender Bias Amplification in Distribution by Posterior Regularization,Data Mining,FALSE
Modeling Label Semantics for Predicting Emotional Reactions,Data Mining,FALSE
Modeling Long Context for Task-Oriented Dialogue State Generation,Data Mining,FALSE
Modeling Word Formation in English?German Neural Machine Translation,Data Mining,FALSE
MOOCCube: A Large-scale Data Repository for NLP Applications in MOOCs,Data Mining,FALSE
Multimodal and Multiresolution Speech Recognition with Transformers,Data Mining,FALSE
Multimodal Quality Estimation for Machine Translation,Data Mining,FALSE
Multimodal Transformer for Multimodal Machine Translation,Data Mining,FALSE
Named Entity Recognition as Dependency Parsing,Data Mining,FALSE
"Negated and Misprimed Probes for Pretrained Language Models: Birds Can Talk, But Cannot Fly",Data Mining,FALSE
Neural Graph Matching Networks for Chinese Short Text Matching,Data Mining,FALSE
Neural Temporal Opinion Modelling for Opinion Prediction on Twitter,Data Mining,FALSE
Neural-DINF: A Neural Network based Framework for Measuring Document Inï¬uence,Data Mining,FALSE
Non-Linear Instance-Based Cross-Lingual Mapping for Non-Isomorphic Embedding Spaces,Data Mining,FALSE
"""None of the Above"": Measure Uncertainty in Dialog Response Retrieval",Data Mining,FALSE
"On Exposure Bias, Hallucination and Domain Shift in Neural Machine Translation",Data Mining,FALSE
On Forgetting to Cite Older Papers: An Analysis of the ACL Anthology,Data Mining,FALSE
On Importance Sampling-Based Evaluation of Latent Language Models,Data Mining,FALSE
On the Importance of Diversity in Question Generation for QA,Data Mining,FALSE
On the Spontaneous Emergence of Discrete and Compositional Signals,Data Mining,FALSE
OpinionDigest: A Simple Framework for Opinion Summarization,Data Mining,FALSE
Opportunistic Decoding with Timely Correction for Simultaneous Translation,Data Mining,FALSE
Overestimation of Syntactic Representation in Neural Language Models,Data Mining,FALSE
Parallel Data Augmentation for Formality Style Transfer,Data Mining,FALSE
Parallel Sentence Mining by Constrained Decoding,Data Mining,FALSE
Posterior Calibrated Training on Sentence Classification Tasks,Data Mining,FALSE
Predicting Degrees of Technicality in Automatic Terminology Extraction,Data Mining,FALSE
Pretrained Transformers Improve Out-of-Distribution Robustness,Data Mining,FALSE
Quantifying Attention Flow in Transformers,Data Mining,FALSE
Query Graph Generation for Answering Multi-hop Complex Questions from Knowledge Bases,Data Mining,FALSE
R4C: A Benchmark for Evaluating RC Systems to Get the Right Answer for the Right Reason,Data Mining,FALSE
Recollection versus Imagination: Exploring Human Memory and Cognition via Neural Language Models,Data Mining,FALSE
Recursive Template-based Frame Generation for Task Oriented Dialog,Data Mining,FALSE
Regularized Context Gates on Transformer for Machine Translation,Data Mining,FALSE
Relation Extraction with Explanation,Data Mining,FALSE
Representations of Syntax [MASK] Useful: Effects of Constituency and Dependency Structure in Recursive LSTMs,Data Mining,FALSE
Returning the N to NLP: Towards Contextually Personalized Classification Models,Data Mining,FALSE
Reverse Engineering Configurations of Neural Text Generation Models,Data Mining,FALSE
Revisiting Higher-Order Dependency Parsers,Data Mining,FALSE
Revisiting Unsupervised Relation Extraction,Data Mining,FALSE
SAFER: A Structure-free Approach for Certified Robustness to Adversarial Word Substitutions,Data Mining,FALSE
Self-Attention Guided Copy Mechanism for Abstractive Summarization,Data Mining,FALSE
Self-Attention with Cross-Lingual Position Representation,Data Mining,FALSE
Sentence Meta-Embeddings for Unsupervised Semantic Textual Similarity,Data Mining,FALSE
Shape of synth to come: Why we should use synthetic data for English surface realization,Data Mining,FALSE
Shaping Visual Representations with Language for Few-Shot Classification,Data Mining,FALSE
Showing Your Work Doesn't Always Work,Data Mining,FALSE
Simple and Effective Retrieve-Edit-Rerank Text Generation,Data Mining,FALSE
Simultaneous Translation Policies: From Fixed to Adaptive,Data Mining,FALSE
Single Model Ensemble using Pseudo-Tags and Distinct Vectors,Data Mining,FALSE
Smart To-Do: Automatic Generation of To-Do Items from Emails,Data Mining,FALSE
Social Biases in NLP Models as Barriers for Persons with Disabilities,Data Mining,FALSE
Soft Gazetteers for Low-Resource Named Entity Recognition,Data Mining,FALSE
Span-ConveRT: Few-shot Span Extraction for Dialog with Pretrained Conversational Representations,Data Mining,FALSE
Stolen Probability: A Structural Weakness of Neural Language Models,Data Mining,FALSE
Successfully Applying the Stabilized Lottery Ticket Hypothesis to the Transformer Architecture,Data Mining,FALSE
SUPERT: Towards New Frontiers in Unsupervised Evaluation Metrics for Multi-Document Summarization,Data Mining,FALSE
Supervised Grapheme-to-Phoneme Conversion of Orthographic Schwas in Hindi and Punjabi,Data Mining,FALSE
Syntactic Data Augmentation Increases Robustness to Inference Heuristics,Data Mining,FALSE
Tagged Back-translation Revisited: Why Does It Really Work?,Data Mining,FALSE
tBERT: Topic Models and BERT Joining Forces for Semantic Similarity Detection,Data Mining,FALSE
Template-Based Question Generation from Retrieved Sentences for Improved Unsupervised Question Answering,Data Mining,FALSE
Tetra-Tagging: Word-Synchronous Parsing with Linear-Time Inference,Data Mining,FALSE
Text Classification with Negative Supervision,Data Mining,FALSE
To Pretrain or Not to Pretrain: Examining the Benefits of Pretrainng on Resource Rich Tasks,Data Mining,FALSE
Topological Sort for Sentence Ordering,Data Mining,FALSE
Toward Better Storylines with Sentence-Level Language Models,Data Mining,FALSE
Towards Better Non-Tree Argument Mining: Proposition-Level Biaffine Parsing with Task-Specific Parameterization,Data Mining,FALSE
Towards end-2-end learning for predicting behavior codes from spoken utterances in psychotherapy conversations,Data Mining,FALSE
Towards Faithfully Interpretable NLP Systems: How should we define and evaluate faithfulness?,Data Mining,FALSE
Towards Open Domain Event Trigger Identification using Adversarial Domain Adaptation,Data Mining,FALSE
Transformers to Learn Hierarchical Contexts in Multiparty Dialogue for Span-based Question Answering,Data Mining,FALSE
Treebank Embedding Vectors for Out-of-domain Dependency Parsing,Data Mining,FALSE
Tree-Structured Neural Topic Model,Data Mining,FALSE
TriggerNER: Learning with Entity Triggers as Explanations for Named Entity Recognition,Data Mining,FALSE
"Two Birds, One Stone: A Simple, Unified Model for Text Generation from Structured and Unstructured Data",Data Mining,FALSE
Uncertain Natural Language Inference,Data Mining,FALSE
Understanding Advertisements with BERT,Data Mining,FALSE
Unsupervised FAQ Retrieval with Question Generation and BERT,Data Mining,FALSE
Using Context in Neural Machine Translation Training Objectives,Data Mining,FALSE
Variational Neural Machine Translation with Normalizing Flows,Data Mining,FALSE
Verbal Multiword Expressions for Identification of Metaphor,Data Mining,FALSE
Video-Grounded Dialogues with Pretrained Generation Language Models,Data Mining,FALSE
What Does BERT with Vision Look At?,Data Mining,FALSE
What is Learned in Visually Grounded Neural Syntax Acquisition,Data Mining,FALSE
Why Overfitting Isn't Always Bad: Retrofitting Cross-Lingual Word Embeddings to Dictionaries,Data Mining,FALSE
Will-They-Won't-They: A Very Large Dataset for Stance Detection on Twitter,Data Mining,FALSE
"Words aren't enough, their order matters: On the Robustness of Grounding Visual Referring Expressions",Data Mining,FALSE
"Worse WER, but Better BLEU? Leveraging Word Embedding as Intermediate in Multitask End-to-End Speech Translation",Data Mining,FALSE
Would you Rather? A New Benchmark for Learning Machine Alignment with Cultural Values and Social Preferences,Data Mining,FALSE
You Don't Have Time to Read This: An Exploration of Document Reading Time Prediction,Data Mining,FALSE
``You Sound Just Like Your Father'' Commercial Machine Translation Systems Include Stylistic Biases,Data Mining,FALSE
ZPR2: Joint Zero Pronoun Recovery and Resolution using Multi-Task Learning and BERT,Data Mining,FALSE
"ADVISER: A Toolkit for Developing Multi-modal, Multi-domain and Socially-engaged Conversational Agents",Data Mining,FALSE
BENTO: A Visual Platform for Building Clinical NLP Pipelines Based on CodaLab,Data Mining,FALSE
Clinical-Coder: Assigning Interpretable ICD-10 Codes to Chinese Clinical Notes,Data Mining,FALSE
CLIReval: Evaluating Machine Translation as a Cross-Lingual Information Retrieval Task,Data Mining,FALSE
Conversation Learner - A Machine Teaching Tool for Building Dialog Managers for Task-Oriented Dialog Systems,Data Mining,FALSE
"ConvLab-2: An Open-Source Toolkit for Building, Evaluating, and Diagnosing Dialogue Systems",Data Mining,FALSE
DIALOGPT : Large-Scale Generative Pre-training for Conversational Response Generation,Data Mining,FALSE
Embedding-based Scientific Literature Discovery in a Text Editor Application,Data Mining,FALSE
ESPnet-ST: All-in-One Speech Translation Toolkit,Data Mining,FALSE
EVIDENCEMINER: Textual Evidence Discovery for Life Sciences,Data Mining,FALSE
exBERT: A Visual Analysis Tool to Explore Learned Representations in Transformer Models,Data Mining,FALSE
GAIA: A Fine-grained Multimedia Knowledge Extraction System,Data Mining,TRUE
Interactive Task Learning from GUI-Grounded Natural Language Instructions and Demonstrations,Data Mining,FALSE
jiant: A Software Toolkit for Research on General-Purpose Text Understanding Models,Data Mining,FALSE
Label Noise in Context,Data Mining,FALSE
LEAN-LIFE: A Label-Efficient Annotation Framework Towards Learning from Explanation,Data Mining,FALSE
LinggleWrite: a Coaching System for Essay Writing,Data Mining,FALSE
MixingBoard: a Knowledgeable Stylized Integrated Text Generation Platform,Data Mining,FALSE
"MMPE: A Multi-Modal Interface using Handwriting, Touch Reordering, and Speech Commands for Post-Editing Machine Translation",Data Mining,FALSE
Multilingual Universal Sentence Encoder for Semantic Retrieval,Data Mining,FALSE
Nakdan: Professional Hebrew Diacritizer,Data Mining,FALSE
NLP Scholar: An Interactive Visual Explorer for Natural Language Processing Literature,Data Mining,FALSE
NSTM: Real-Time Query-Driven News Overview Composition at Bloomberg,Data Mining,FALSE
OpusFilter: A Configurable Parallel Corpus Filtering Toolbox,Data Mining,FALSE
Penman: An Open-Source Library and Tool for AMR Graphs,Data Mining,FALSE
Personalized PageRank with Syntagmatic Information for Multilingual Word Sense Disambiguation,Data Mining,FALSE
Photon: A Robust Cross-Domain Text-to-SQL System,Data Mining,FALSE
Prta: A System to Support the Analysis of Propaganda Techniques in the News,Data Mining,TRUE
pyBART: Evidence-based Syntactic Transformations for IE,Data Mining,FALSE
Stanza: A Python Natural Language Processing Toolkit for Many Human Languages,Data Mining,FALSE
Stimulating Creativity with FunLines: A Case Study of Humor Generation in Headlines,Data Mining,FALSE
SUPP.AI: finding evidence for supplement-drug interactions,Data Mining,FALSE
Syntactic Search by Example,Data Mining,FALSE
SyntaxGym: An Online Platform for Targeted Evaluation of Language Models,Data Mining,FALSE
Tabouid: a Wikipedia-based word guessing game,Data Mining,FALSE
Talk to Papers: Bringing Neural Question Answering to Academic Search,Data Mining,FALSE
TextBrewer: An Open-Source Knowledge Distillation Toolkit for Natural Language Processing,Data Mining,FALSE
The Microsoft Toolkit of Multi-Task Deep Neural Networks for Natural Language Understanding,Data Mining,FALSE
Torch-Struct: Deep Structured Prediction Library,Data Mining,TRUE
Trialstreamer: Mapping and Browsing Medical Evidence in Real-Time,Data Mining,FALSE
Usnea: An Authorship Tool for Interactive Fiction using Retrieval Based Semantic Parsing,Data Mining,FALSE
What's The Latest? A Question-driven News Chatbot,Data Mining,FALSE
Xiaomingbot: A Multilingual Robot News Reporter,Data Mining,FALSE
#NotAWhore! A Computational Linguistic Perspective of Rape Culture and Victimization on Social Media,Data Mining,FALSE
A Geometry-Inspired Attack for Generating Natural Language Adversarial Examples,Data Mining,FALSE
A Simple and Effective Dependency parser for Telugu,Data Mining,FALSE
Adaptive Transformers for Learning Multimodal Representations,Data Mining,FALSE
AraDIC: Arabic Document Classification Using Image-Based Character Embeddings and Class-Balanced Loss,Data Mining,FALSE
Building a Japanese Typo Dataset from Wikipedia's Revision History,Data Mining,FALSE
Checkpoint Reranking: An Approach To Select Better Hypothesis For Neural Machine Translation Systems,Data Mining,FALSE
Combining Subword Representations into Word-level Representations in the Transformer Architecture,Data Mining,FALSE
Compositional generalization by factorizing alignment and translation,Data Mining,FALSE
Considering Likelihood in NLP Classification Explanations with Occlusion and Language Modeling,Data Mining,FALSE
Crossing the Line: Where do Demographic Variables Fit into Humor Detection?,Data Mining,FALSE
Cross-Lingual Disaster-related Multi-label Tweet Classification with Manifold Mixup,Data Mining,FALSE
Dominance as an Indicator of Rapport and Learning in Human-Agent Communication,Data Mining,FALSE
Effectively Aligning and Filtering Parallel Corpora under Sparse Data Conditions,Data Mining,FALSE
Efficient Neural Machine Translation for Low-Resource Languages via Exploiting Related Languages,Data Mining,FALSE
Embeddings of Label Components for Sequence Labeling: A Case Study of Fine-grained Named Entity Recognition,Data Mining,FALSE
Enhancing Word Embeddings with Knowledge Extracted from Lexical Resources,Data Mining,FALSE
Exploring Interpretability in Event Extraction: Multitask Learning of a Neural Event Classifier and an Explanation Decoder,Data Mining,FALSE
Exploring the Role of Context to Distinguish Rhetorical and Information-Seeking Questions,Data Mining,FALSE
Feature Difference Makes Sense: A medical image captioning model exploiting feature difference and tag information,Data Mining,FALSE
Grammatical Error Correction Using Pseudo Learner Corpus Considering Learner's Error Tendency,Data Mining,FALSE
HGCN4MeSH: Hybrid Graph Convolution Network for MeSH Indexing,Data Mining,FALSE
How much complexity does an RNN architecture need to learn syntax-sensitive dependencies?,Data Mining,FALSE
¥ôBLEU: Uncertainty-Aware Automatic Evaluation Method for Open-Domain Dialogue Systems,Data Mining,FALSE
Inducing Grammar from Long Short-Term Memory Networks by Shapley Decomposition,Data Mining,FALSE
Let's be Humorous: Knowledge Enhanced Humor Generation,Data Mining,FALSE
Logical Inferences with Comparatives and Generalized Quantifiers,Data Mining,FALSE
"Media Bias, the Social Sciences, and NLP: Automating Frame Analyses to Identify Bias by Word Choice and Labeling",Data Mining,FALSE
Multi-Task Neural Model for Agglutinative Language Translation,Data Mining,FALSE
Noise-Based Augmentation Techniques for Emotion Datasets: What do we Recommend?,Data Mining,FALSE
Non-Topical Coherence in Social Talk: A Call for Dialogue Model Enrichment,Data Mining,FALSE
Pointwise Paraphrase Appraisal is Potentially Problematic,Data Mining,FALSE
Pre-training via Leveraging Assisting Languages for Neural Machine Translation,Data Mining,FALSE
Preventing Critical Scoring Errors in Short Answer Scoring with Confidence Estimation,Data Mining,FALSE
Reflection-based Word Attribute Transfer,Data Mining,FALSE
Research on Task Discovery for Transfer Learning in Deep Neural Networks,Data Mining,FALSE
Research Replication Prediction Using Weakly Supervised Learning,Data Mining,FALSE
RPD: A Distance Function Between Word Embeddings,Data Mining,FALSE
SCAR: Sentence Compression using Autoencoders for Reconstruction,Data Mining,FALSE
Self-Attention is Not Only a Weight: Analyzing BERT with Vector Norms,Data Mining,FALSE
Story-level Text Style Transfer: A Proposal,Data Mining,FALSE
To compress or not to compress? A Finite-State approach to Nen verbal morphology,Data Mining,FALSE
Topic balancing with additive regularization of topic models,Data Mining,FALSE
Transferring Monolingual Model to Low-Resource Language: The Case of Tigrinya,Data Mining,FALSE
Understanding Points of Correspondence between Sentences for Abstractive Summarization,Data Mining,FALSE
Unsupervised Multilingual Sentence Embeddings for Parallel Corpus Mining,Data Mining,FALSE
Unsupervised Paraphasia Classification in Aphasic Speech,Data Mining,FALSE
Why is penguin more similar to polar bear than to sea gull? Analyzing conceptual knowledge in distributional models,Data Mining,FALSE
Zero-shot North Korean to English Neural Machine Translation by Character Tokenization and Phoneme Decomposition,Data Mining,FALSE
